{
  "epochs": [
    1,
    2,
    3,
    4,
    5,
    6,
    7,
    8,
    9,
    10,
    11,
    12
  ],
  "train_loss": [
    2.085668875014699,
    2.0376356627010295,
    1.949666954508938,
    1.7791327353851973,
    1.5234170020481,
    1.1819858447112368,
    1.1415686363371866,
    0.9036218352719327,
    0.8993526217591041,
    0.6871523016300739,
    0.6793878935452328,
    0.44034869436570157
  ],
  "train_acc": [
    0.102803738317757,
    0.24299065420560748,
    0.411214953271028,
    0.4392523364485981,
    0.5420560747663551,
    0.616822429906542,
    0.6074766355140186,
    0.7009345794392523,
    0.6822429906542056,
    0.794392523364486,
    0.7757009345794392,
    0.9065420560747663
  ],
  "val_loss": [
    2.0696645433842256,
    2.077341452989041,
    2.1098037420247393,
    1.9387018628689443,
    1.8883518794815561,
    1.6711836566935514,
    1.8613454995504937,
    1.7287743201905756,
    1.8252712048758486,
    1.831517857526137,
    1.9418530653578554,
    1.9403097384003745
  ],
  "val_acc": [
    0.2608695652173913,
    0.17391304347826086,
    0.043478260869565216,
    0.21739130434782608,
    0.2608695652173913,
    0.34782608695652173,
    0.21739130434782608,
    0.30434782608695654,
    0.2608695652173913,
    0.34782608695652173,
    0.2608695652173913,
    0.43478260869565216
  ],
  "model_name": "CNN_adam",
  "optimizer": "adam"
}