{
  "epochs": [
    1,
    2,
    3,
    4,
    5,
    6,
    7,
    8,
    9,
    10,
    11,
    12
  ],
  "train_loss": [
    2.0819551700735786,
    2.073391849918485,
    2.0590584480719283,
    2.0555532823689266,
    2.0424866733522995,
    2.03109903796745,
    2.0282402959314147,
    2.0400429601162715,
    2.0220770350113733,
    2.005307611150951,
    2.000769783356531,
    1.994005998386674
  ],
  "train_acc": [
    0.16822429906542055,
    0.18691588785046728,
    0.2336448598130841,
    0.2523364485981308,
    0.24299065420560748,
    0.2616822429906542,
    0.24299065420560748,
    0.2523364485981308,
    0.22429906542056074,
    0.29906542056074764,
    0.2803738317757009,
    0.27102803738317754
  ],
  "val_loss": [
    2.0900139079851283,
    2.0897985662467593,
    2.0935724688624995,
    2.097201796113728,
    2.104102814289702,
    2.1060528535296053,
    2.111877827254508,
    2.108026208967635,
    2.107662695129942,
    2.1129150619390606,
    2.1151262038930843,
    2.117794359286592
  ],
  "val_acc": [
    0.13043478260869565,
    0.17391304347826086,
    0.13043478260869565,
    0.13043478260869565,
    0.13043478260869565,
    0.08695652173913043,
    0.08695652173913043,
    0.13043478260869565,
    0.13043478260869565,
    0.13043478260869565,
    0.13043478260869565,
    0.13043478260869565
  ],
  "model_name": "CNN_sgd",
  "optimizer": "sgd"
}